{
  "AU": 1.495978707e11,
  "L_SUN": 3.828e26,
  "R_JUP": 6.9911e7,
  "R_SUN": 6.957e8,
  "AU_TO_R_JUP": 2139.83308349,
  "R_SUN_TO_R_JUP": 9.951223698702636,
  "AU_TO_R_SUN": 215.03215567054764,
  "M_JUP": 1.898e27,
  "JUP_HILL_RAD_IN_R_JUP": 759.6407446389499,
  "SATURN-LIKE_RING_IN_R_JUP": 1.144,
  "primes_to_100": [3, 5, 7, 11, 13, 17, 19, 23, 29, 31, 37, 41, 43, 47, 53, 59, 61, 67, 71, 73, 79, 83, 89, 97]

}